barcode,Custom Cluster
AACCGCGAGGTGTTAA-1,Cluster 02
AACTCCCGTGGTTTCA-1,Cluster 02
AAGGAGCTCGCCTGTT-1,Cluster 02
AAGTCTGGTTATCCGA-1,Cluster 05
AATCCAGAGAGTACAT-1,Cluster 02
ACAGCTAGTCATACTG-1,Cluster 02
ACCCACTCACAACTGT-1,Cluster 02
ACGCAGCAGGCGTACA-1,Cluster 03
ACGTCAAGTTGCTCCT-1,Cluster 02
AGGTCATCAGTACACT-1,Cluster 03
AGTAGTCGTTTAGGAA-1,Cluster 02
AGTTGGTGTAATAGCA-1,Cluster 04
ATGGGAGCAAACTGCT-1,Cluster 01
ATTTCTGCACGAAGCA-1,Cluster 04
CAACCTCAGAGTAATC-1,Cluster 04
CACCAGGGTATGCTTG-1,Cluster 04
CATCGAAGTCGAAAGC-1,Cluster 04
CATCGGGCAGACGCCT-1,Cluster 05
CCTAGCTCATTCCTGC-1,Cluster 05
CCTTACGAGCTCAACT-1,Cluster 02
CCTTCCCCACAGACTT-1,Cluster 04
CGACCTTGTTTCCACC-1,Cluster 05
CGGCTAGCATGCGCAC-1,Cluster 02
CGGTTAATCACATGCA-1,Cluster 01
CGTCTACTCCAGAGGA-1,Cluster 02
CGTTAGAAGCTAACAA-1,Cluster 03
CTAACTTAGGCAGTCA-1,Cluster 02
CTCACACTCACAAACC-1,Cluster 04
CTCAGAAAGCATGGCA-1,Cluster 03
CTCATTAGTATCAGTC-1,Cluster 02
CTCGAAACATTAGGCT-1,Cluster 02
CTCGGAGCATGCCCGA-1,Cluster 02
CTGATAGTCCTTCAAT-1,Cluster 02
CTGATAGTCGCGGATC-1,Cluster 04
GAACCTAAGGTGTTAA-1,Cluster 05
GACGGCTTCGCACTCT-1,Cluster 04
GATGAGGCAGACAGGT-1,Cluster 03
GATGCTATCAAACAAG-1,Cluster 01
GATTCAGCACTGTTAG-1,Cluster 02
GCACTCTCAAAGTGCG-1,Cluster 02
GCATACACAATCCAAC-1,Cluster 02
GCTTCCAAGCTAGTTC-1,Cluster 02
GGGATGAGTTATCCGA-1,Cluster 02
GTCAAGTGTTACAGAA-1,Cluster 04
GTGCGGTTCATCGGAT-1,Cluster 02
TAAACCGTCCCAACGG-1,Cluster 04
TAAGAGACAAGTACCT-1,Cluster 05
TACACGATCAACTCTT-1,Cluster 03
TACTTACCATACTACG-1,Cluster 02
TATTACCAGGACGAAA-1,Cluster 02
TCACAAGAGGAATCGC-1,Cluster 05
TCGGTAATCCAGATCA-1,Cluster 04
TCGTAGAGTCTCTTTA-1,Cluster 02
TGAGGGAAGTACGCGA-1,Cluster 01
TTAACTCTCGGTGTTA-1,Cluster 05
TTCTACATCCGTAGTA-1,Cluster 02
AACACGTGTGACAAAT-3,Cluster 04
AACACGTGTGTTGGGA-3,Cluster 02
AACCATGTCCTTGACC-3,Cluster 04
AACCGCGCAAATCCGT-3,Cluster 04
AAGACCTTCTACTTAC-3,Cluster 03
AAGCCGCCAGCCAATT-3,Cluster 02
AATCCAGGTCATATCG-3,Cluster 04
ACACCAAGTCTCTTTA-3,Cluster 03
ACACTGAGTGGGTCAA-3,Cluster 04
ACCCACTCAGACGCCT-3,Cluster 03
ACCGTAAAGTGAAGAG-3,Cluster 04
ACGAGCCCAGCCTTGG-3,Cluster 04
ACGCCAGCAGGTCGTC-3,Cluster 02
ACGTCAATCGTCTGAA-3,Cluster 04
ACTGATGAGACACTAA-3,Cluster 02
ACTGATGCATCACCCT-3,Cluster 04
ACTGTCCCAATAGCAA-3,Cluster 04
ACTTACTCAAGTACCT-3,Cluster 05
ACTTGTTAGCGTGAGT-3,Cluster 05
ACTTTCAAGCGTTGCC-3,Cluster 03
AGAATAGTCATTGCGA-3,Cluster 05
AGAGCTTTCACTGGGC-3,Cluster 02
AGCGGTCTCTGATACG-3,Cluster 03
AGCGTATTCGGATGGA-3,Cluster 03
AGCTCCTCACCCATTC-3,Cluster 02
AGGCCACTCACTCCTG-3,Cluster 04
AGGTCATGTGCTCTTC-3,Cluster 02
AGTGTCAAGTGACTCT-3,Cluster 02
ATCACGATCACAACGT-3,Cluster 01
ATCCACCTCAGTCAGT-3,Cluster 04
ATCTGCCTCTACCAGA-3,Cluster 02
ATGCGATTCATCTGTT-3,Cluster 03
ATGGGAGTCAGGATCT-3,Cluster 04
CAACCAACAAGTAATG-3,Cluster 03
CAACTAGAGTCAATAG-3,Cluster 01
CAACTAGTCACCACCT-3,Cluster 02
CAAGAAATCATCGATG-3,Cluster 04
CAAGTTGGTCCAAGTT-3,Cluster 05
CACACTCCAGCTATTG-3,Cluster 02
CACATAGGTCGAAAGC-3,Cluster 03
CACATAGTCACTGGGC-3,Cluster 02
CACCACTCAATGGAGC-3,Cluster 01
CACCACTGTACGAAAT-3,Cluster 04
CACCAGGGTAATCGTC-3,Cluster 02
CACTCCACAGGTGCCT-3,Cluster 05
CAGCATAGTCTTGTCC-3,Cluster 02
CAGCTGGAGCAAATCA-3,Cluster 03
CATATTCGTTAAGTAG-3,Cluster 02
CATGACACACCAGTTA-3,Cluster 04
CATGACATCACAGTAC-3,Cluster 05
CCCTCCTGTTCGTTGA-3,Cluster 04
CCCTCCTTCGTTTATC-3,Cluster 04
CCTAGCTTCCTGTACC-3,Cluster 04
CCTTACGCAGCTCCGA-3,Cluster 05
CCTTTCTGTCAAAGAT-3,Cluster 03
CGAATGTCATCTCCCA-3,Cluster 03
CGACTTCCACACAGAG-3,Cluster 03
CGAGAAGGTTAAGACA-3,Cluster 04
CGATCGGCACAACTGT-3,Cluster 04
CGATCGGTCACAGGCC-3,Cluster 04
CGCTATCGTAGCACGA-3,Cluster 04
CGCTTCAAGTTACCCA-3,Cluster 03
CGCTTCACATACCATG-3,Cluster 05
CGGACTGGTCAGAATA-3,Cluster 01
CGGAGCTTCTCTGTCG-3,Cluster 03
CGGAGTCCATTAACCG-3,Cluster 03
CGGGTCACAGCTGCTG-3,Cluster 02
CGGTTAAAGAATCTCC-3,Cluster 02
CGTAGCGAGTAATCCC-3,Cluster 04
CGTGTAACACCTCGTT-3,Cluster 02
CGTGTAAGTCTCACCT-3,Cluster 04
CGTTCTGGTAGCGTCC-3,Cluster 04
CGTTGGGAGTTTAGGA-3,Cluster 04
CGTTGGGGTTAAGTAG-3,Cluster 01
CTAACTTGTGTGACGA-3,Cluster 02
CTAACTTTCGTCCGTT-3,Cluster 03
CTAAGACTCTTGGGTA-3,Cluster 03
CTAATGGCACCAACCG-3,Cluster 04
CTACATTCAGTAACGG-3,Cluster 05
CTAGAGTCATATGAGA-3,Cluster 02
CTAGCCTAGCTCCTCT-3,Cluster 03
CTAGTGATCTGTCCGT-3,Cluster 02
CTCGAGGGTGCGATAG-3,Cluster 02
CTCTAATCATCCAACA-3,Cluster 04
CTCTACGTCCCACTTG-3,Cluster 03
CTCTGGTTCGTTGACA-3,Cluster 02
CTTCTCTAGTGAAGAG-3,Cluster 03
GAAATGAAGTTACGGG-3,Cluster 02
GAAATGAGTGTAACGG-3,Cluster 03
GACCTGGGTGTCGCTG-3,Cluster 04
GACGCGTTCGCAAGCC-3,Cluster 05
GACTAACCAGGATTGG-3,Cluster 03
GACTACAAGGCTCAGA-3,Cluster 02
GAGGTGATCCGAAGAG-3,Cluster 02
GATCAGTAGCTAGGCA-3,Cluster 02
GATCGTACACGAAACG-3,Cluster 02
GATGAAAAGTGAACGC-3,Cluster 05
GATTCAGAGATGCCAG-3,Cluster 04
GCGCAACCATGCCTTC-3,Cluster 02
GCTTCCATCGTTGCCT-3,Cluster 01
GGAAAGCCAGTCAGCC-3,Cluster 04
GGAACTTGTACCGGCT-3,Cluster 05
GGAGCAAGTTAAGATG-3,Cluster 01
GGATTACAGATAGTCA-3,Cluster 01
GGCTCGACATCACCCT-3,Cluster 04
GGGAGATCACACATGT-3,Cluster 04
GGGTTGCAGTGGACGT-3,Cluster 03
GGTGTTACACAACTGT-3,Cluster 05
GTACTCCAGGAGCGTT-3,Cluster 02
GTACTCCGTGGCTCCA-3,Cluster 04
GTAGTCAGTTAGATGA-3,Cluster 01
GTCAAGTGTGATGCCC-3,Cluster 03
GTCGGGTGTGTCGCTG-3,Cluster 04
GTGCGGTGTACAGCAG-3,Cluster 04
TACACGACATGCAACT-3,Cluster 03
TACCTTAGTCCAGTGC-3,Cluster 05
TACGGTATCGCGTAGC-3,Cluster 04
TAGCCGGAGTGGGTTG-3,Cluster 04
TAGGCATTCATGTGGT-3,Cluster 02
TATCAGGGTTATCGGT-3,Cluster 04
TATTACCCATTGCGGC-3,Cluster 04
TCCACACGTCCGTGAC-3,Cluster 05
TCGGGACAGCGTTGCC-3,Cluster 04
TCGGTAAAGGTTCCTA-3,Cluster 05
TCGTACCGTTGCGCAC-3,Cluster 04
TCTCATAAGCGAAGGG-3,Cluster 05
TCTCATAAGGATATAC-3,Cluster 04
TCTCATACAAGCTGGA-3,Cluster 05
TCTCATACAATGTTGC-3,Cluster 02
TCTGGAATCGAATCCA-3,Cluster 02
TGACGGCCAAGGACAC-3,Cluster 04
TGACTAGCATTGGGCC-3,Cluster 04
TGACTAGGTGCCTGGT-3,Cluster 04
TGACTTTTCGTTTATC-3,Cluster 05
TGAGAGGCACGACTCG-3,Cluster 02
TGATTTCGTTTAAGCC-3,Cluster 02
TGCCCTAAGCTTATCG-3,Cluster 04
TGCCCTAGTAGTAGTA-3,Cluster 04
TGCGTGGGTATCAGTC-3,Cluster 02
TGCTGCTCACAGGTTT-3,Cluster 04
TGGACGCAGCTGGAAC-3,Cluster 04
TGGCTGGGTGGCTCCA-3,Cluster 04
TGGCTGGTCCGCAGTG-3,Cluster 04
TGGGAAGAGTATCTCG-3,Cluster 04
TGTATTCAGGTAAACT-3,Cluster 04
TTAGGACTCGGCTTGG-3,Cluster 04
TTCCCAGCAGTAACGG-3,Cluster 02
TTCGAAGGTGGACGAT-3,Cluster 04
TTCTCAAGTAATTGGA-3,Cluster 04
TTCTCAATCCAAGTAC-3,Cluster 05
TTCTCCTCAGAGCCAA-3,Cluster 03
TTGCGTCAGTACGTAA-3,Cluster 03
TTGGCAAAGACACGAC-3,Cluster 02
TTTGGTTCATACAGCT-3,Cluster 04
