barcode,x coordinate,y coordinate
AACCATGGTACAGACG-1,12.241651,7.929872
AACCATGGTCTGCAAT-1,11.660836,9.861642
AACCGCGAGAGCTATA-1,12.620391,10.278778
AACGTTGTCGCATGGC-1,6.2808223,7.770923
AACTTTCAGAACTGTA-1,4.866995,9.638839
AAGACCTGTTCGCTAA-1,11.510867,7.9032645
ACACCGGCAATGGAGC-1,11.168267,8.730696
ACATGGTAGGTACTCT-1,10.535826,5.9721584
ACCGTAAGTTATGCGT-1,12.832389,10.302988
ACGCCAGTCTCGAGTA-1,4.5646214,11.114429
ACGGGTCAGAATTGTG-1,12.431278,9.531818
ACTGAGTAGCCGCCTA-1,5.351124,10.243546
ACTGTCCTCTCGGACG-1,10.650281,7.6045218
AGACGTTGTGAGGCTA-1,4.05571,10.114458
AGATCTGAGGCGACAT-1,4.375996,10.159755
AGCGGTCTCTTGTCAT-1,10.381239,9.175935
AGTTGGTAGGCCCGTT-1,12.423057,8.686332
ATCCACCGTCTGCGGT-1,10.311634,5.5073295
CAACCAATCTACCAGA-1,5.8871264,8.654157
CACTCCATCAGCACAT-1,11.268786,11.622286
CAGAATCAGAAGGGTA-1,3.6097763,10.558359
CAGAATCGTGGGTCAA-1,9.623913,2.4197767
CAGCAGCCACCAGCAC-1,11.943367,7.4755077
CAGCATAAGTATCTCG-1,9.849395,10.472632
CAGCCGAAGTCATCCA-1,7.141351,5.7065835
CATATTCCACAACGCC-1,4.2065773,10.547081
CATCGAAGTGTGACGA-1,4.6639447,6.479498
CATTATCGTGCTGTAT-1,3.4829264,11.000078
CATTATCTCCGTTGTC-1,3.7203138,6.1821475
CCATGTCAGTTTGCGT-1,12.355931,11.012338
CCATTCGTCTGCCCTA-1,10.613819,10.430196
CCCTCCTTCCTGCAGG-1,3.8758984,11.550447
CCTCAGTTCTTGCATT-1,12.406704,10.0517235
CGATGGCTCCTTGGTC-1,3.9620912,11.529031
CGATGTAGTCGTTGTA-1,5.4946384,3.4957333
CGCTATCAGTGGTAAT-1,4.861908,6.6492386
CGCTATCTCTTACCTA-1,3.5333724,9.781625
CGGCTAGGTGACCAAG-1,9.973535,5.701697
CGTCCATTCTTTCCTC-1,10.218308,2.7696555
CTACGTCGTGCGAAAC-1,7.5043674,7.632268
CTAGAGTCAAGTAGTA-1,12.412826,9.902
CTAGAGTGTGTTCTTT-1,9.120239,2.9947467
CTAGTGAGTACGCACC-1,4.8036585,10.035014
CTCCTAGCATATACCG-1,10.917163,2.5164158
CTCGGGATCGTTTATC-1,9.938673,7.406193
CTGTTTAAGAGGTACC-1,12.054238,10.750986
GAAATGACAAGAAAGG-1,3.496796,11.485525
GAACATCAGGGCTTCC-1,9.561347,3.188436
GAACGGAGTTATGCGT-1,11.710345,6.633629
GACCTGGCAGTAGAGC-1,6.493786,7.352052
GACTAACGTGCTGTAT-1,4.9765306,8.177632
GAGCAGACACACAGAG-1,11.461772,6.6021214
GATCGCGTCACCACCT-1,10.35592,11.208728
GATTCAGCAAGCCTAT-1,4.9724126,10.389109
GCACTCTGTAACGTTC-1,11.285395,3.675712
GCAGTTAGTACTTCTT-1,3.9239898,10.466502
GCATACACACACGCTG-1,12.287425,8.660093
GCGACCAAGCAATATG-1,12.68398,9.678436
GCGAGAACAAGACACG-1,11.206631,2.6332684
GCTCTGTTCTCTGAGA-1,5.6808076,3.3338115
GCTGCAGCACATGGGA-1,7.384478,4.4444656
GCTTGAAGTCTCATCC-1,4.167568,8.465245
GGACAAGAGTCAATAG-1,12.232388,7.1244435
GGACGTCTCGCCATAA-1,12.526205,9.769765
GGCAATTAGATGGGTC-1,3.0825086,10.339896
GGCAATTTCCGCAGTG-1,9.779019,2.251607
GGCCGATTCCCTCAGT-1,10.626413,10.119128
GGCGTGTTCGCGCCAA-1,11.61745,10.226255
GGGAATGCATAAGACA-1,12.036927,7.011012
GGGACCTTCATGTCTT-1,6.4791393,7.6916127
GGGATGACAGTCGTGC-1,4.3113785,11.245135
GGTGTTAGTCAAACTC-1,4.1114454,11.286826
GTAACGTGTCGACTAT-1,6.720406,4.160437
GTAACTGAGTCTTGCA-1,11.861859,11.333528
GTATTCTTCTGGTGTA-1,7.2876744,7.4106646
GTCGGGTCATGACGGA-1,3.7969666,3.8591871
GTGCTTCGTGGGTCAA-1,6.255363,6.9935308
GTTCTCGGTTACGCGC-1,11.770575,9.448581
GTTTCTACAGATTGCT-1,12.769816,9.368186
TAAACCGGTTGTACAC-1,11.229616,10.446431
TAAGAGAGTAAAGTCA-1,7.2941785,7.049342
TACTCGCCAAGTCATC-1,12.273825,11.198903
TACTCGCTCTGCTTGC-1,11.817584,10.257781
TAGACCACAGCAGTTT-1,12.532765,10.419951
TCATTTGGTGGTCCGT-1,4.571135,10.045615
TCCACACGTTCCAACA-1,10.896165,4.301531
TCCCGATCAATGTAAG-1,11.5852165,3.278507
TCCCGATGTTCGGCAC-1,12.684668,9.207156
TCGCGTTAGTGATCGG-1,12.619321,9.221985
TCGGGACGTTTCGCTC-1,11.881706,9.925197
TGACGGCTCAACCAAC-1,4.413362,9.734908
TGCCCATCATTCCTGC-1,7.2322745,7.712154
TGCCCTAAGAAACGAG-1,6.1818376,7.739847
TGGCGCATCCGTCATC-1,6.5124607,7.9339213
TGGTTAGCATGGGACA-1,6.1288104,6.385206
TTAACTCTCACAGGCC-1,11.190086,9.188463
TTCTACATCTTATCTG-1,5.5295415,9.81213
TTGTAGGTCCGCGGTA-1,7.499869,7.491658
AAAGATGTCTGCTGTC-3,10.470754,2.865094
AAAGCAAGTTTCGCTC-3,4.3431406,5.4743485
AAAGTAGAGGCAGGTT-3,3.7027695,5.1842275
AAAGTAGGTAATTGGA-3,3.0074239,4.024786
AAATGCCGTGAACCTT-3,6.0614915,9.283309
AACCGCGTCGTTACAG-3,4.204312,9.0522175
AACGTTGTCAACACCA-3,10.34357,2.8733585
AACTCTTAGAGTCGGT-3,3.3957522,10.551548
AACTCTTCAGCCTTTC-3,4.439363,6.240667
AACTCTTGTCATCCCT-3,4.1037145,6.2239017
AAGACCTTCCTTGGTC-3,11.372793,6.2412577
AAGCCGCTCGCTTAGA-3,9.515625,3.949374
AAGGTTCTCCTATTCA-3,10.979123,2.9168987
AAGTCTGGTGGTAACG-3,6.3413568,4.833059
AATCCAGAGTCTCGGC-3,11.676443,10.823641
ACACCCTAGCTGCGAA-3,9.689404,8.883262
ACACTGACAGCATGAG-3,9.264702,3.0173743
ACACTGAGTCCGACGT-3,10.051079,5.51642
ACAGCCGCAGACAGGT-3,11.43597,5.4768944
ACAGCCGTCTAAGCCA-3,6.0915017,3.6944478
ACAGCTATCGGTTAAC-3,10.878079,8.399997
ACAGCTATCTGGTGTA-3,12.0674515,8.853303
ACATCAGAGTCGTTTG-3,11.14051,7.062783
ACCCACTAGTCATCCA-3,10.369402,9.652123
ACCCACTAGTCTCAAC-3,10.994375,10.119926
ACCCACTTCACATAGC-3,9.519956,5.1447363
ACCGTAACACATTAGC-3,10.266094,3.3823187
ACCTTTACACACTGCG-3,7.146774,5.0619874
ACGAGGAAGTGATCGG-3,5.027565,10.666785
ACGAGGATCAGCCTAA-3,10.378654,9.0629835
ACGAGGATCCCTTGCA-3,5.189858,3.1519032
ACGATACGTAGCGATG-3,7.1283603,7.2289066
ACGATGTCAGTGGAGT-3,11.483761,8.061291
ACGCCAGAGCCAGAAC-3,10.691654,5.8816576
ACGCCAGAGGGTGTGT-3,11.925144,10.373876
ACGCCAGCAAGGCTCC-3,10.056266,9.621593
ACGCCAGGTGCGGTAA-3,10.510249,9.433413
ACGGGTCGTTCACGGC-3,5.098154,3.3176978
ACGTCAACAGACAGGT-3,11.539707,4.950771
ACGTCAAGTGACTACT-3,11.27165,8.908692
ACTATCTCACCTCGGA-3,6.4348245,6.1110597
ACTGCTCCAATGAATG-3,12.185545,9.309666
ACTGTCCCACAGACAG-3,3.3561928,4.6318617
ACTTTCAGTCCAGTGC-3,5.3157635,9.190143
AGAATAGCATCGACGC-3,3.0643392,10.3279915
AGACGTTCATCAGTAC-3,2.8605418,4.480482
AGACGTTGTTCGTCTC-3,10.688531,8.465801
AGAGCGAAGACTACAA-3,5.7093377,4.587101
AGAGCGACAGACGCAA-3,10.838223,4.3075447
AGAGCTTTCCCTGACT-3,8.283606,4.073973
AGAGTGGAGTGGCACA-3,11.912704,6.853546
AGATTGCGTGCACTTA-3,5.2850604,4.932145
AGATTGCGTGCATCTA-3,9.936139,10.988529
AGCCTAAAGCACGCCT-3,10.672106,9.982622
AGCGTATTCGAATGCT-3,4.5962296,9.185907
AGCTCTCAGAATTCCC-3,12.308689,7.6933465
AGCTCTCAGACAAAGG-3,11.766806,8.872273
AGCTTGAAGGCATTGG-3,9.567086,3.3616412
AGCTTGACACGCGAAA-3,10.511986,8.319005
AGGCCACAGTCAAGCG-3,7.5507665,7.719254
AGGCCACCAGTATCTG-3,10.807093,9.017468
AGGGAGTTCCCTCTTT-3,10.942808,9.388366
AGGGAGTTCTTGTACT-3,9.263855,9.352515
AGGGTGACACAGAGGT-3,6.447731,5.4105163
AGGGTGACACGAAGCA-3,10.083611,10.195456
AGGTCATCAATAACGA-3,10.910663,5.552376
AGTAGTCTCCTAGAAC-3,9.752379,2.907403
AGTCTTTAGTATTGGA-3,3.5430317,4.9959736
AGTGTCACAACTGCTA-3,11.456353,11.214475
ATAAGAGGTGCACGAA-3,3.8031127,10.326878
ATCACGATCGTAGGTT-3,10.6884,3.0154893
ATCATCTGTATAGGTA-3,4.8669486,4.23312
ATCCACCCATCACAAC-3,3.7435973,5.71303
ATCCACCTCAGCCTAA-3,10.942076,6.6939387
ATCCGAAAGGAACTGC-3,4.65087,9.0417185
ATCCGAAGTCCCTTGT-3,3.1716518,3.9694216
ATCTACTGTTGTCTTT-3,4.704416,5.15961
ATGAGGGCAAGGTGTG-3,9.505566,4.197257
ATGCGATCACGAAAGC-3,4.385566,9.440886
ATGGGAGAGACGCTTT-3,9.327982,2.2537725
ATGTGTGTCCGAAGAG-3,12.321481,8.228073
ATTACTCGTGTGAAAT-3,3.9240384,9.072917
ATTATCCGTCCATGAT-3,10.638092,4.403869
ATTGGACCAAGAAGAG-3,9.733971,3.6961899
ATTGGACTCGCGTTTC-3,3.7232726,4.592771
ATTTCTGCACCTGGTG-3,5.2309737,5.2166038
CAACCAACACTTAAGC-3,5.356369,8.71191
CAACCTCAGGCAGTCA-3,10.948748,3.9691582
CAACTAGGTAATAGCA-3,6.2733097,4.286213
CAACTAGGTATAGGTA-3,10.387462,5.2098694
CAACTAGTCCATGAAC-3,6.4277463,5.87847
CAAGAAAAGAGTCGGT-3,2.7805727,4.9391522
CAAGGCCCAGCCTTTC-3,12.153566,7.2518454
CACACCTAGTTAGGTA-3,5.8962393,9.317034
CACACTCTCATTATCC-3,10.269791,10.813743
CACAGTACATTTCACT-3,10.024618,10.654324
CACATAGCATTTCAGG-3,4.2984605,10.215882
CACATAGGTCGATTGT-3,10.586335,3.713384
CACCACTCACCTGGTG-3,8.904048,2.949096
CACCACTTCAACCAAC-3,11.149233,8.691719
CACCTTGTCCTTGGTC-3,11.18604,8.960683
CACTCCAAGCTACCTA-3,9.971804,2.8023093
CAGAATCTCCCTAACC-3,11.036315,11.587148
CAGAGAGAGGTGTTAA-3,12.538263,8.502201
CAGATCAAGTCATCCA-3,4.803571,8.714185
CAGATCAAGTTACCCA-3,3.94884,5.5793595
CAGATCACAGACTCGC-3,9.560706,3.203635
CAGATCAGTTAAGTAG-3,3.7620165,10.906291
CAGCAGCAGGTGCAAC-3,6.3691907,6.332461
CAGCAGCTCTTCCTTC-3,4.823204,8.391322
CAGCTAACAATGGACG-3,12.150391,10.965386
CAGGTGCCACAACGTT-3,5.314004,6.1013975
CAGTAACCATCGATGT-3,5.041364,5.596854
CATATTCCAAGTAGTA-3,11.964681,10.487613
CATATTCGTTCAGCGC-3,9.928157,9.627339
CATCGGGGTACACCGC-3,4.7105775,4.9857106
CATTATCAGCCCTAAT-3,6.206812,6.674478
CCAATCCAGACACTAA-3,9.411616,2.644293
CCACTACCATTAGGCT-3,10.88864,10.321151
CCAGCGAAGGAATCGC-3,4.2739015,5.7056613
CCATGTCAGGTGACCA-3,5.538772,4.207659
CCATTCGCAATTCCTT-3,11.146923,9.356694
CCCAGTTCACACCGCA-3,10.314924,2.083045
CCCAGTTGTTAAAGAC-3,3.3200266,11.158448
CCGGGATGTGATAAAC-3,4.4817247,10.957552
CCGGGATGTGGACGAT-3,5.255538,4.5626225
CCGGTAGTCGCACTCT-3,9.773809,5.1479697
CCGTTCAAGACCTAGG-3,10.90536,5.6108055
CCTAGCTAGATCCCGC-3,6.285929,4.0914207
CCTCAGTAGAGACTTA-3,8.496865,4.048092
CCTCAGTTCCGAATGT-3,4.4553394,3.9579244
CCTCTGATCATCACCC-3,5.577794,4.691723
CCTTACGTCAGAGGTG-3,9.87598,2.213011
CCTTACGTCGAATGGG-3,4.502368,9.368438
CCTTCGACAAAGGAAG-3,10.061098,8.737141
CGAACATTCGGTCTAA-3,5.528531,9.445994
CGAATGTGTTCAGTAC-3,12.148165,8.973226
CGACCTTTCCCTTGTG-3,11.001188,8.354066
CGAGAAGTCGCGATCG-3,6.2527494,7.3403387
CGAGCCAAGAGGTACC-3,5.094662,6.7138147
CGAGCCAAGGTGCTTT-3,5.688381,3.1563058
CGATCGGTCAAGAAGT-3,10.390051,10.2641325
CGATCGGTCCTGTAGA-3,10.360439,5.870203
CGATTGAGTAAGGGCT-3,5.812832,4.006428
CGATTGATCCGCAGTG-3,11.132401,3.0175855
CGCCAAGGTCAATACC-3,3.4339964,5.3280797
CGCGTTTTCGGATGGA-3,6.1374707,4.457671
CGCGTTTTCGTTTAGG-3,5.594057,4.230994
CGCTATCTCCACTGGG-3,3.9253526,5.582934
CGCTGGAAGTTCGCAT-3,7.135683,6.741343
CGCTGGATCCTGCCAT-3,3.7387602,10.237741
CGCTTCAGTTCAGCGC-3,9.661568,10.208489
CGGACGTAGGTCGGAT-3,11.748775,9.438255
CGGACTGCAAAGGTGC-3,11.70226,7.5812697
CGGAGTCTCCACTGGG-3,2.8160295,4.215978
CGGCTAGAGTGGACGT-3,7.366258,5.6374745
CGGCTAGTCAATACCG-3,4.3127317,6.231825
CGTAGGCAGCCAGTAG-3,8.873797,3.1896
CGTCACTTCCGTACAA-3,5.5313177,3.574729
CGTCTACGTTGTACAC-3,4.1684175,10.582079
CGTGTAACAAGCCGCT-3,3.4576552,4.935645
CGTGTAACATTACCTT-3,5.169345,3.343991
CGTGTAAGTGCCTGTG-3,3.5088954,10.646983
CGTGTAAGTGCTCTTC-3,10.477896,11.42909
CGTGTCTAGGCAGTCA-3,8.182004,4.553529
CGTGTCTTCCAAGTAC-3,5.66185,3.560707
CGTTCTGTCTGTACGA-3,12.2316065,10.549899
CGTTGGGCAGCTGTTA-3,5.310105,9.896247
CTAACTTTCATAGCAC-3,3.744453,10.128973
CTACACCGTTTGACTG-3,7.33411,6.268354
CTACCCACATCGATTG-3,4.632344,10.530894
CTACGTCCACACCGCA-3,5.8035574,5.531538
CTACGTCCACTATCTT-3,11.279704,4.1063724
CTAGAGTAGATCCTGT-3,9.976103,5.316347
CTAGAGTCAAGTTCTG-3,9.999227,4.770292
CTAGTGATCGCCAGCA-3,3.7573187,5.4139495
CTCACACAGAATGTGT-3,4.129321,7.518102
CTCATTAAGGAGTAGA-3,10.235828,11.086194
CTCGAAAAGAGTACCG-3,3.7518294,10.49321
CTCGAAACATTGGCGC-3,11.025975,9.807118
CTCGAGGAGACTAAGT-3,10.47361,8.13333
CTCGAGGCAAGCTGGA-3,11.250332,10.927909
CTCGGAGTCCAAACTG-3,9.592233,2.523076
CTCGTACCATCGATGT-3,11.396878,6.6035
CTCTAATGTCGCATCG-3,4.142383,4.972419
CTCTACGCAAGCGCTC-3,3.9917984,8.949357
CTCTGGTGTATAATGG-3,11.287769,8.122714
CTGATAGCAATTGCTG-3,10.15446,8.946027
CTGATCCAGCAGGTCA-3,5.186723,7.20554
CTGCTGTAGACTAAGT-3,6.914226,7.808313
CTGCTGTAGTGTGGCA-3,10.746848,10.6735115
CTTAACTGTAGGGACT-3,5.602142,5.622573
CTTAGGAAGACGACGT-3,2.9889917,4.497086
CTTGGCTGTACCGGCT-3,10.722243,3.473966
GAACCTAAGTGGAGTC-3,10.737392,10.98432
GAACCTACACATCCGG-3,11.0981655,10.216043
GAACGGAGTGAGGGAG-3,3.946233,8.626668
GAATAAGAGGCATGTG-3,5.530149,7.09316
GAATAAGTCCGTCATC-3,3.5172708,6.194096
GACACGCCAATGAATG-3,5.5994835,8.843223
GACACGCCATGGAATA-3,10.53937,7.720149
GACAGAGGTCACCCAG-3,11.486549,6.9415274
GACCAATGTAAGAGGA-3,4.9996843,6.067007
GACGCGTTCAGCTGGC-3,5.903872,5.1063247
GACGTTAAGGACTGGT-3,9.804969,3.7806973
GACGTTAAGGGTCGAT-3,4.4432282,8.418638
GACGTTATCGCATGGC-3,5.5344777,5.498498
GAGGTGAAGACTAAGT-3,10.574014,8.911409
GAGTCCGAGACACGAC-3,4.1023197,11.674388
GATCGATCAAACTGCT-3,4.369658,10.413931
GATCGCGCACCCATTC-3,10.60797,8.506244
GATCGTATCCCAAGAT-3,3.645089,4.903071
GATCTAGTCATGTGGT-3,10.291304,6.41379
GATGAAAAGAATTCCC-3,4.8652,6.0901484
GATGAAATCCAAACAC-3,9.95905,8.030987
GCAAACTGTACGCACC-3,3.9770648,5.318139
GCAATCACATGTCTCC-3,10.921108,7.1957364
GCACATAAGGCAGGTT-3,10.194115,3.982573
GCACTCTCAAGACACG-3,9.108708,2.7051246
GCAGCCAAGTATGACA-3,5.274402,2.825408
GCATACACATCTCCCA-3,10.827245,3.574887
GCATACATCTTGCCGT-3,3.7390885,11.153162
GCATGATTCCTTGCCA-3,5.087487,10.244535
GCCAAATCACAGCCCA-3,4.672426,4.418528
GCCAAATGTCGCGAAA-3,9.013132,4.638915
GCCTCTATCCATGAAC-3,10.372008,4.153549
GCGAGAACACCGAAAG-3,6.261258,6.5351753
GCGCAACAGACCCACC-3,4.9936137,8.691521
GCGCAACCAACCGCCA-3,4.3075204,9.839956
GCGCAGTCAGCTTAAC-3,11.14387,5.430721
GCGCAGTGTGCTTCTC-3,11.789382,8.5033245
GCGCCAACATCCCATC-3,4.981634,7.9471817
GCGCCAATCTTACCGC-3,10.953923,9.313782
GCGCGATAGTAACCCT-3,10.274427,4.014017
GCTCCTAGTACCGAGA-3,5.4570355,9.1707325
GCTCTGTCACGTAAGG-3,7.0810285,9.273883
GCTCTGTTCGTATCAG-3,11.285603,7.71308
GCTGCAGAGATATGCA-3,11.332528,9.561148
GCTGCAGGTTGCCTCT-3,3.7530003,6.5506563
GCTGCTTGTAGTAGTA-3,11.33395,2.945144
GCTTCCATCCCTCAGT-3,4.9314466,10.445711
GGAATAACAATGGACG-3,5.7055907,5.471789
GGAATAACACTAAGTC-3,4.2162476,5.852903
GGAATAACACTAGTAC-3,11.557846,10.0471
GGACAAGAGGTGCACA-3,11.305209,3.7171013
GGATGTTTCACTCCTG-3,10.034287,4.3218813
GGATTACTCTTAGAGC-3,6.8645654,4.7442684
GGCTCGACATACTCTT-3,11.432337,9.617756
GGGAATGAGCGTTGCC-3,11.086557,9.949996
GGGAATGTCGCGTTTC-3,6.0663815,6.3745975
GGGAGATCAGCTGCAC-3,10.27045,10.664841
GGGATGAGTCTCCACT-3,5.589873,6.6260242
GGGCACTCACAGCGTC-3,11.331225,8.538602
GGGCACTGTCATGCCG-3,6.41915,4.862179
GGGCACTGTTTCCACC-3,11.089517,6.3201785
GGGCATCAGTGAATTG-3,10.990515,9.539544
GGGTCTGAGGATGGTC-3,11.529851,10.308848
GGGTTGCTCATCACCC-3,10.674599,10.002461
GGTATTGCAGCATACT-3,11.284731,5.0683594
GGTATTGCAGTGGAGT-3,11.258837,3.9100885
GGTGTTACAAGCTGAG-3,3.0175133,4.582723
GTAACGTTCATACGGT-3,10.140153,11.162695
GTACTCCAGCGTCTAT-3,3.7509923,9.500654
GTACTCCAGGGTATCG-3,4.3256173,5.42435
GTACTCCCAAGGTTTC-3,11.654791,6.430679
GTAGTCATCAACGCTA-3,4.348312,9.801413
GTAGTCATCTGGAGCC-3,4.308563,9.045083
GTATTCTTCCCTTGTG-3,10.43495,3.3345327
GTCACAATCACAACGT-3,6.558444,5.8039446
GTCATTTAGTTGCAGG-3,10.054588,2.390661
GTCGTAATCTCGATGA-3,10.919161,10.854806
GTGCATATCGCTTGTC-3,11.835002,8.489619
GTGCGGTGTAAGCACG-3,4.0807157,11.111389
GTGGGTCTCTAACCGA-3,11.454444,2.9890969
GTGTGCGGTTTGGGCC-3,11.330248,11.244359
GTGTGCGTCCCATTTA-3,10.93373,11.586339
GTTCATTAGACCGGAT-3,5.335996,9.601842
GTTCATTCAGCTCGAC-3,9.696586,8.186888
TAAGCGTTCCGTCATC-3,3.4713242,4.236397
TACACGAAGGGCATGT-3,3.1892874,3.9661462
TACGGATAGGCCGAAT-3,10.82179,8.804272
TACGGATCATAACCTG-3,10.355007,3.220737
TACTCATAGGTAGCCA-3,10.727656,9.355882
TACTTGTAGGTGACCA-3,11.354639,10.533419
TAGACCATCCTGTACC-3,5.325903,2.9317286
TAGAGCTCATGCAACT-3,6.364962,6.9647403
TAGCCGGAGGTGCAAC-3,11.0585375,4.7962265
TAGGCATTCGGTTCGG-3,5.4846644,7.605723
TATCAGGCAGGTCCAC-3,10.063731,3.5878963
TATCAGGTCGGCGGTT-3,8.261477,4.8323393
TATGCCCGTACAGCAG-3,2.5610535,4.699449
TCACAAGTCTGGTATG-3,10.350601,2.3668535
TCAGCAATCAACGCTA-3,4.900358,7.475933
TCAGGATTCTTGACGA-3,2.5235028,4.5367675
TCAGGTAAGGGAAACA-3,6.7253556,6.2362957
TCATTACAGAAACCGC-3,10.297831,5.0295043
TCATTTGGTTACGTCA-3,4.1145425,6.6333632
TCCACACAGCTAAACA-3,10.686198,8.244129
TCCCGATGTTCCATGA-3,3.3040507,9.948635
TCGCGAGGTGGCCCTA-3,6.0010576,5.7223444
TCGCGTTGTAGTACCT-3,7.0236545,7.177143
TCGGGACGTACGCTGC-3,11.850395,8.688047
TCGGTAAAGTGGAGTC-3,11.108725,10.6615095
TCTATTGGTGTGCCTG-3,8.623732,4.2577095
TCTCATACAAGCGAGT-3,10.540975,5.4251175
TCTCATAGTATCACCA-3,4.707882,5.735703
TCTCATATCTTGACGA-3,11.482279,10.765867
TCTGAGAAGTACACCT-3,4.8466434,10.324117
TCTGAGACATGCTAGT-3,10.626859,10.87258
TCTTCGGGTCTCCCTA-3,8.209008,4.3263097
TCTTTCCCAAAGTGCG-3,11.316527,8.087338
TCTTTCCCACTGTGTA-3,9.753073,4.0502896
TCTTTCCGTCCGTCAG-3,5.942878,4.7023892
TCTTTCCTCCTAAGTG-3,9.621623,9.9947605
TGAAAGATCCTTAATC-3,9.745595,10.641067
TGACGGCGTTCTCATT-3,3.8588173,9.87216
TGACTAGTCTCAAGTG-3,11.959253,7.5397615
TGAGCATAGCGACGTA-3,5.141333,3.8182418
TGAGGGACAGCATACT-3,3.1542401,5.5317144
TGAGGGATCCCTTGTG-3,4.847869,3.1313303
TGATTTCAGTTCGCGC-3,10.310171,4.096937
TGCACCTGTACTCGCG-3,4.200853,9.518288
TGCCCATCAAGCCCAC-3,4.2715507,3.9524524
TGCCCTACACAGACAG-3,6.143049,6.104496
TGCGCAGAGGCGACAT-3,12.045627,9.21395
TGCGCAGTCGTTACGA-3,10.567878,11.094521
TGGACGCAGCCACGCT-3,5.233295,10.030024
TGGCGCAGTCTCACCT-3,6.120532,6.5902386
TGGCTGGGTACCAGTT-3,7.3131237,7.0160027
TGGGAAGAGCGAAGGG-3,10.761765,3.7421904
TGGGCGTGTCCAGTGC-3,11.777482,7.298021
TGGTTCCCAGTGACAG-3,9.303466,3.7101827
TGTATTCCAGAGTGTG-3,10.963865,4.074601
TGTATTCGTCCTGCTT-3,10.5502205,9.67742
TGTCCCAGTTAAGAAC-3,11.648223,11.421441
TGTCCCATCTGCTTGC-3,10.231355,10.268124
TGTGTTTTCGGCTACG-3,11.569941,3.9717104
TTAACTCGTACTTGAC-3,9.387948,5.7002106
TTAGTTCTCTAAGCCA-3,3.6680486,9.604287
TTCGGTCCAAGCGATG-3,5.55058,6.2233305
TTCGGTCTCGGTCTAA-3,11.638385,9.018262
TTCTACAAGCACACAG-3,10.726319,3.0481677
TTGACTTAGTTCGCAT-3,9.481324,2.8404493
TTGACTTGTAAATGTG-3,2.9224916,4.033759
TTGCGTCGTCAATACC-3,5.6501565,8.541512
TTGGAACAGGATATAC-3,10.396113,9.828117
TTGGAACGTTGTCTTT-3,4.958612,6.5395617
TTGGAACTCCGCGGTA-3,5.426057,7.4739795
TTTACTGAGGTGTGGT-3,5.203958,9.376224
TTTATGCAGAGACTTA-3,10.417495,4.4833555
TTTCCTCCAGCCTGTG-3,4.327083,4.708245
TTTCCTCTCACAGTAC-3,7.5253797,7.2746425
TTTCCTCTCTTCTGGC-3,2.7947834,4.73355
TTTGGTTCATGACATC-3,3.894794,6.0337715
